{
  "best_model_by_cost": "XGBoost_Weighted_Physics",
  "best_threshold": 0.19,
  "test_metrics": {
    "model": "XGBoost_Weighted_Physics",
    "split": "test_cost_optimized",
    "threshold": 0.19,
    "accuracy": 0.909,
    "precision": 0.26639344262295084,
    "recall": 0.9558823529411765,
    "f1": 0.4166666666666667,
    "balanced_accuracy": 0.931616124710754,
    "mcc": 0.4780006698204173,
    "tn": 1753,
    "fp": 179,
    "fn": 3,
    "tp": 65,
    "cost": 3290,
    "roc_auc": 0.978131469979296,
    "pr_auc": 0.8371740667416439
  }
}